{"inputUnits":[34],"outputUnits":4,"inputs":{"0":{"dtype":"number","min":179.03914650513647,"max":397.89850900512454},"1":{"dtype":"number","min":92.66235649004781,"max":219.14010265417267},"2":{"dtype":"number","min":199.23349927043355,"max":418.0499962105853},"3":{"dtype":"number","min":78.70334729348937,"max":203.93680089166054},"4":{"dtype":"number","min":162.7358241387975,"max":382.38273605733355},"5":{"dtype":"number","min":79.77471071841887,"max":203.5439760085435},"6":{"dtype":"number","min":228.00760785971002,"max":442.12343360945493},"7":{"dtype":"number","min":89.15722882306133,"max":214.29556803861323},"8":{"dtype":"number","min":145.81094901696514,"max":359.95114726165116},"9":{"dtype":"number","min":93.13823975085282,"max":217.5079909356249},"10":{"dtype":"number","min":252.6193719161184,"max":472.1970431381731},"11":{"dtype":"number","min":152.0050358168098,"max":281.890622263531},"12":{"dtype":"number","min":121.94137141950878,"max":336.05420921281063},"13":{"dtype":"number","min":152.95236866376553,"max":291.3028090925012},"14":{"dtype":"number","min":253.6047625030458,"max":554.2345453749391},"15":{"dtype":"number","min":157.39666379218446,"max":354.4039506521838},"16":{"dtype":"number","min":35.29428285000152,"max":332.449904770879},"17":{"dtype":"number","min":134.02557670489156,"max":352.08222565827543},"18":{"dtype":"number","min":115.53104631152533,"max":573.0347084209003},"19":{"dtype":"number","min":29.533089383071385,"max":436.38109352156425},"20":{"dtype":"number","min":59.582931191368175,"max":414.35240747403446},"21":{"dtype":"number","min":32.67923158047027,"max":430.23148148148147},"22":{"dtype":"number","min":224.4958841126797,"max":454.03931377923976},"23":{"dtype":"number","min":342.6256110654239,"max":487.3579725001523},"24":{"dtype":"number","min":147.27243940267877,"max":344.86085828517145},"25":{"dtype":"number","min":343.89217294912356,"max":487.76319358781063},"26":{"dtype":"number","min":215.7546390288057,"max":442.03747397974917},"27":{"dtype":"number","min":496.00804855019487,"max":571.5208628396076},"28":{"dtype":"number","min":111.67003966214364,"max":359.5325019345646},"29":{"dtype":"number","min":485.4004477339181,"max":570.0226698609588},"30":{"dtype":"number","min":212.98380236411884,"max":436.45924945556163},"31":{"dtype":"number","min":553.6064757705897,"max":561.7859603554649},"32":{"dtype":"number","min":116.57059786612527,"max":359.16007368188156},"33":{"dtype":"number","min":554.2130861040677,"max":562.4223449588054}},"outputs":{"0":{"dtype":"string","min":0,"max":1,"uniqueValues":["L","R","U","D"],"legend":{"L":[1,0,0,0],"R":[0,1,0,0],"U":[0,0,1,0],"D":[0,0,0,1]}}},"isNormalized":true}